Banco de México,,,,,,,,,,,,,,,
,,,,,,,,,,,,,,,
Balanza de pagos,,,,,,,,,,,,,,,
Balanza de pagos (1980 - 2001),,,,,,,,,,,,,,,
,,,,,,,,,,,,,,,
Fecha de consulta: 14/09/2024 08:00:55,,,,,,,,,,,,,,,
,,,,,,,,,,,,,,,
"Aviso importante: Algunas de las series que está consultando registra un cambio, por favor consulte los metadatos de las mismas.",,,,,,,,,,,,,,,
,,,,,,,,,,,,,,,
Título,"Balanza de pagos - con base en MBP5 (a partir de 1980), Cuenta corriente","Balanza de pagos - con base en MBP5 (a partir de 1980), Cuenta corriente, Ingresos, Bienes y servicios, Bienes",,,,"Balanza de pagos - con base en MBP5 (a partir de 1980), Cuenta corriente, Egresos, Bienes y servicios, Bienes",,,,"Balanza de pagos - con base en MBP5 (a partir de 1980), Cuenta de capital","Balanza de pagos - con base en MBP5 (a partir de 1980), Cuenta financiera",,,,
Periodo disponible,Ene-Mar 1980 - Oct-Dic 2001,Ene-Mar 1980 - Oct-Dic 2001,,,,Ene-Mar 1980 - Oct-Dic 2001,,,,Ene-Mar 1980 - Oct-Dic 2001,Ene-Mar 1980 - Oct-Dic 2001,,,,
Periodicidad,Trimestral,Trimestral,,,,Trimestral,,,,Trimestral,Trimestral,,,,
Cifra,Flujos Corrientes,Flujos Corrientes,,,,Flujos Corrientes,,,,Flujos Corrientes,Flujos Corrientes,,,,
Unidad,Millones de Dólares,Millones de Dólares,,,,Millones de Dólares,,,,Millones de Dólares,Millones de Dólares,,,,
Base,,,,,,,,,,,,,,,
Aviso,"Atendiendo recomendaciones del FMI sobre las mejores prácticas estadísticas, se dejó de actualizar la estadística con base en la quinta edición del Manual de Balanza de Pagos (MBP5). Las cifras trimestrales históricas con base en el MBP5 para el periodo comprendido entre 1980 y 2001 siguen disponibles en la página de Internet del Banco de México en el cuadro CE139. Por su parte, las cifras trimestrales a partir de 2002 se encuentran disponibles en el cuadro CE174, correspondiente a la estadística con base en el MBP6.","Atendiendo recomendaciones del FMI sobre las mejores prácticas estadísticas, se dejó de actualizar la estadística con base en la quinta edición del Manual de Balanza de Pagos (MBP5). Las cifras trimestrales históricas con base en el MBP5 para el periodo comprendido entre 1980 y 2001 siguen disponibles en la página de Internet del Banco de México en el cuadro CE139. Por su parte, las cifras trimestrales a partir de 2002 se encuentran disponibles en el cuadro CE174, correspondiente a la estadística con base en el MBP6.",,,,"Atendiendo recomendaciones del FMI sobre las mejores prácticas estadísticas, se dejó de actualizar la estadística con base en la quinta edición del Manual de Balanza de Pagos (MBP5). Las cifras trimestrales históricas con base en el MBP5 para el periodo comprendido entre 1980 y 2001 siguen disponibles en la página de Internet del Banco de México en el cuadro CE139. Por su parte, las cifras trimestrales a partir de 2002 se encuentran disponibles en el cuadro CE174, correspondiente a la estadística con base en el MBP6.",,,,"Atendiendo recomendaciones del FMI sobre las mejores prácticas estadísticas, se dejó de actualizar la estadística con base en la quinta edición del Manual de Balanza de Pagos (MBP5). Las cifras trimestrales históricas con base en el MBP5 para el periodo comprendido entre 1980 y 2001 siguen disponibles en la página de Internet del Banco de México en el cuadro CE139. Por su parte, las cifras trimestrales a partir de 2002 se encuentran disponibles en el cuadro CE174, correspondiente a la estadística con base en el MBP6.","Atendiendo recomendaciones del FMI sobre las mejores prácticas estadísticas, se dejó de actualizar la estadística con base en la quinta edición del Manual de Balanza de Pagos (MBP5). Las cifras trimestrales históricas con base en el MBP5 para el periodo comprendido entre 1980 y 2001 siguen disponibles en la página de Internet del Banco de México en el cuadro CE139. Por su parte, las cifras trimestrales a partir de 2002 se encuentran disponibles en el cuadro CE174, correspondiente a la estadística con base en el MBP6.",,,,
Tipo de información,Niveles,Niveles,,,,Niveles,,,,Niveles,Niveles,,,,
Fecha,c_corriente,x,i_servicios,i_fact,i_trans,m ,e_servicios,e_fact,e_trans,c_capital,c_financiera,act_reserva,e_omisiones,ie_directa,ie_cartera
01/01/1980,-1335.579,4016.123,1229.964,364.14,200.692,4152.316,1336.421,1625.847,31.914,0,2346.2295,0,0,400.812,-94.2805
01/04/1980,-2554.38,4427.124,1075.368,326.727,230.728,5032.765,1556.886,2021.835,2.841,0,2670.7961,0,0,509.81,20.2411
01/07/1980,-3178.578,4669.217,1077.052,286.131,231.06,5690.597,1872.694,1873.183,5.564,0,3614.4083,0,0,680.566,4.066299
01/10/1980,-3365.608,4918.576,1205.107,399.583,203.08,6213.682,1881.74,1992.727,3.805,0,2643.076102,0,0,498.575,-289.0241
01/01/1981,-2584.688,6190.696,1283.895,432.619,249.127,6600.821,1809.901,2294.502,35.801,0,2643.845,0,0,530.398,-133.778
01/04/1981,-3877.505,6189.175,1212.871,446.91,283.15,6993.344,2067.515,2941.804,6.948,0,6508.215,0,0,970.443,327.962
01/07/1981,-5078.608,5031.253,1197.677,476.406,283.283,6617.775,2364.421,3076.483,8.548,0,7455.655,0,0,541.947,473.571
01/10/1981,-4699.78,5896.216,1276.433,412.385,249.395,6972.289,2460.034,3095.972,5.914,0,10008.614,0,0,1033.112,17.716
01/01/1982,-4093.6,5161.55,1098.021,478.832,279.851,5783.137,1646.095,3663.039,19.583,0,2613.993,0,0,584.368,369.888
01/04/1982,-2523.667,5873.051,1017.455,516.982,301.21,4799.323,1658.562,3767.467,7.013,0,3178.021,0,0,620.819,-579.649
01/07/1982,-375.059,6329.668,1014.931,415.238,278.308,3741.406,1542.855,3127.494,1.449,0,2978.245,0,0,607.906,359.889
01/10/1982,1102.205,6690.945,999.745,311.41,204.855,2686.768,1387.587,3029.438,0.957,0,1207.341,0,0,87.205,-536.417
01/01/1983,1638.353,5913.833,1019.962,359.847,253.191,2347.814,981.04,2565.608,14.018,0,1197.058,0,0,824.276,-150.834
01/04/1983,1409.072,6443.857,958.674,387.096,326.122,3127.361,1011.332,2558.308,9.676,0,-1017.726,0,0,682.581,-200.777
01/07/1983,1034.304,6525.399,960.164,456.554,327.953,3254.122,1229.594,2744.667,7.383,0,-263.166,0,0,454.851,-179.579
01/10/1983,1777.901,7070.048,1146.666,489.41,289.866,3118.984,1339.375,2759.451,0.279,0,423.096,0,0,229.891,-322.315
01/01/1984,2173.738,7590.024,1309.01,560.373,309.475,3487.122,1143.941,2954.479,9.602,0,9.019,0,0,665.379,-156.824
01/04/1984,1244.023,7300.513,1186.387,649.075,366.09,3792.767,1260.876,3195.805,8.594,0,240.329,0,0,451.528,-68.596
01/07/1984,291.238,7138.23,1055.812,722.883,371.283,4327.802,1330.833,3333.433,4.902,0,839.29,0,0,259.866,-279.511
01/10/1984,474.281,7071.585,1286.18,584.308,329.28,4308.507,1559.853,2928.712,0,0,217.181,0,0,164.226,-177.549
01/01/1985,174.5,6929.631,1375.668,597.565,342.355,4505.853,1383.139,3180.685,1.042,0,-118.922,0,0,601.62,-415.1
01/04/1985,-522.213,6226.204,1165.788,587.077,399.994,4696.096,1399.27,2785.183,20.727,0,819.851,0,0,835.431,885
01/07/1985,314.091,6656.945,1002.148,551.166,900.08,4598.39,1467.855,2725.882,4.121,0,-849.293,0,0,433.644,-1067.6
01/10/1985,833.146,6944.514,1266.452,551.78,361.534,4558.758,1312.097,2417.9,2.379,0,-168.054,0,0,112.905,-72
01/01/1986,-399.709,5383.993,1195.075,569.15,369.116,4217.524,1233.123,2463.844,2.552,0,856.991,0,0,281.591,773.1
01/04/1986,-851.919,5322.319,1098.879,502.838,418.057,4520.332,1232.643,2430.751,10.286,0,254.776,0,0,702.74,-67.8
01/07/1986,-633.862,5093.068,1086.947,432.418,412.532,4019.773,1351.897,2286.529,0.628,0,621.962,0,0,400.117,-131.2
01/10/1986,512.001,6004.218,1218.982,445.463,374.805,4026.264,1408.208,2095.731,1.264,0,981.804,0,0,1016.251,-543.6
01/01/1987,1378.653,6423.187,1429.852,477.986,389.355,4153.098,1156.405,2032.176,0.048,0,-573.342,0,0,352.518,-412.6
01/04/1987,1522.7,7017.083,1313.719,587.021,630.688,4488.231,1279.968,2248.968,8.644,0,3387.191,0,0,632.505,-537.5
01/07/1987,530.808,7016.749,1285.091,630.42,470.247,5056.037,1487.518,2322.872,5.272,0,-1738.674,0,0,497.001,-431.6
01/10/1987,806.909,7142.498,1422.168,705.566,426.805,5115.06,1484.196,2286.676,4.196,0,-2317.104,0,0,1152.575,-70.3
01/01/1988,759.18,7423.355,1687.494,702.115,526.21,5744.41,1325.944,2509.022,0.618,0,80.028,0,0,470.253,-263.7
01/04/1988,36.39,7922.574,1426.896,796.096,603.808,6775.096,1360.556,2573.655,3.677,0,-1325.533,0,0,857.755,-158.742
01/07/1988,-1453.5,7551.509,1412.963,804.48,574.192,7623.885,1705.645,2457.742,9.372,0,906.96,0,0,594.514,344.976
01/10/1988,-1717.754,7794.063,1581.224,752.441,536.376,7938.578,1935.922,2506.142,1.216,0,-105.313,0,0,957.474,70.786
01/01/1989,-1030.402,8409.954,1816.548,811.329,659.025,8004.393,1740.962,2980.5,1.403,0,-2171.801,0,0,618.263,-13.586
01/04/1989,-1270.971,9195.41,1657.274,814.255,680.029,8995.002,1759.476,2859.507,3.954,0,723.013,0,0,842.36,81.788
01/07/1989,-2061.566,8632.136,1713.332,773.971,588.713,8567.748,2070.786,3123.363,7.821,0,3001.238,0,0,883.272,59.122
01/10/1989,-1458.273,8933.548,2039.148,765.632,613.074,9198.854,2342.997,2265.228,2.596,0,522.271,0,0,831.605,230.014
01/01/1990,-2190.898,9473.568,2109.989,750.798,787.484,8931.744,2371.632,4006.61,2.751,0,1100.444,0,0,561.015,-5816.793
01/04/1990,-1658.793,9004.121,1957.433,794.831,712.358,9893.079,2421.276,1811.23,1.951,0,4120.901,0,0,615.594,1033.083
01/07/1990,-1778.303,10594.232,1930.23,820.787,858.578,10923.846,2727.756,2323.812,6.716,0,1217.655,0,0,578.872,-354.277
01/10/1990,-1823.055,11639.02,2107.305,913.124,1617.045,11844.597,2864.99,3387.347,2.615,0,1541.987,0,0,877.757,-384.281
01/01/1991,-2143.009,9776.411,2100.604,890.254,623.367,10738.378,2311.419,2483.393,0.455,0,8256.897,0,0,1649.367,3125.974
01/04/1991,-3851.911,10871.297,2202.319,884.319,849.498,12389.607,2569.326,3693.448,6.963,0,6188.396,0,0,1146.616,3457.005
01/07/1991,-4157.602,10721.79,2151.421,907.178,825.848,12853.489,2963.956,2937.599,8.795,0,3192.387,0,0,702.117,2052.242
01/10/1991,-4494.194,11318.03,2430.896,846.312,687.788,13985.086,3196.666,2592.76,2.708,0,7591.39,0,0,1263.398,2178.572
01/01/1992,-5151.342,10571.8,2378.296,771.998,738.068,13948.015,2703.834,2958.654,1.001,0,5944.485,0,0,1042.729,2525.035
01/04/1992,-5897.806,11576.767,2213.058,749.938,927.577,15561.872,2850.716,2948.271,4.287,0,7292.742,0,0,1180.235,7010.708
01/07/1992,-6854.988,11720.024,2210.977,639.428,913.828,15803.453,3223.087,3300.899,11.806,0,6618.919,0,0,1274.953,5907.848
01/10/1992,-6534.343,12327.031,2493.452,636.166,800.518,16816.01,3257.653,2715.776,2.071,0,6783.462,0,0,894.882,5901.045
01/01/1993,-5661.135,11769.294,2408.467,676.172,774.38,15384.643,2719.631,3184.206,0.968,0,9202.509,0,0,1163.681,5437.156
01/04/1993,-5645.04,13046.541,2263.273,668.754,973.299,16319.483,2853.418,3419.752,4.254,0,7217.715,0,0,954.431,6231.926
01/07/1993,-6666.172,12818.202,2228.73,667.699,968.656,16326.249,3176.207,3840.873,6.13,0,6905.259,0,0,550.089,6214.153
01/10/1993,-5426.957,14251.932,2632.628,690.181,913.864,17336.167,3371.776,3202.519,5.1,0,9115.723,0,0,1720.6,8895.024
01/01/1994,-6781.473,13775.918,2714.504,757.267,814.138,18073.101,3005.283,3755.973,8.943,0,12079.707,0,0,3152,7507.887
01/04/1994,-7475.845,15067.746,2479.507,822.065,1036.943,19618.039,3111.078,4136.692,16.297,0,1948.409,0,0,3283.372,1062.447
01/07/1994,-7908.405,15064.15,2487.681,859.294,1049.606,19858.502,3380.497,4121.381,8.756,0,3910.17,0,0,2813.922,3622.83
01/10/1994,-7496.277,16974.385,2659.374,916.862,892.297,21796.259,3545.758,3591.352,5.826,0,-3457.739,0,0,1723.207,-5561.627
01/01/1995,-1354.650679,18806.611,2461.119,876.842,872.849321,18232.98316,2278.22684,3856.901,3.961,0,3900.315,0,0,1982.817,-7668.318
01/04/1995,356.405639,19660.73656,2396.67044,911.473,1087.243639,17075.83903,2224.08697,4390.746,9.046,0,2096.983,0,0,2913.607,-3953.953
01/07/1995,-450.398521,20110.29774,2254.58326,959.716,1088.553479,17917.93039,2521.59461,4404.992,19.032,0,6350.029,0,0,2254.719,-2614.766
01/10/1995,-127.9672,21059.972,2580.331,975.769,926.5238,19404.51415,2513.25685,3749.818,2.974,0,3991.386,0,0,2375.157,604.586
01/01/1996,-163.344699,21898.7486,2765.1994,962.999,999.278301,19974.3059,2338.7211,4473.539,3.004,0,-333.682319,0,0,2027.668,1813.978681
01/04/1996,255.216772,23640.83666,2531.26434,1005.526,1239.083772,21453.99961,2544.22439,4150.069,13.201,0,699.876448,0,0,1779.942,2982.286448
01/07/1996,-864.612389,24287.38776,2594.89724,1029.63,1192.435411,22883.47709,2862.47971,4216.351,6.655,0,1506.835,0,0,2004.378,8289.634
01/10/1996,-1734.815549,26323.52094,2690.08306,1045.041,1110.203451,25340.51347,2889.03153,4666.919,7.2,0,2954.750165,0,0,3373.463,611.326165
01/01/1997,-219.972235,25143.21424,3091.69976,1034.048,1146.313765,23581.68464,2880.83836,4172.529,0.196,0,1319.591765,0,0,2109.241,3343.694765
01/04/1997,-1184.015363,27479.35036,2608.85164,1110.591,1460.152637,26848.85694,2970.87706,4019.081,4.146,0,2395.467235,0,0,2594.518,4971.57704
01/07/1997,-2590.210676,28210.55614,2587.40386,1139.137,1397.105324,28530.91314,3135.17986,4247.377,10.943,0,6897.139345,0,0,5594.98,-4138.390884
01/10/1997,-3671.096195,29748.649,2761.914,1158.78,1240.508805,31047.57236,3426.17464,4097.011,10.19,0,4864.614051,0,0,2530.817,2765.354626
01/01/1998,-3279.595201,28186.40922,3034.074813,1209.838,1273.252766,29917.65833,2861.59067,4201.349,2.572,0,6303.858236,0,0,2643.624146,2874.434627
01/04/1998,-3392.644448,29922.93102,2753.615023,1238.608,1560.429509,31066.29672,3329.679276,4465.401,6.851,0,2175.962318,0,0,3504.528333,-651.179159
01/07/1998,-4714.115301,28622.99126,2797.849269,1234.426,1551.56417,31069.67534,3243.530661,4594.817,12.923,0,3699.83776,0,0,3295.07358,-2310.812503
01/10/1998,-4606.338744,31005.36714,2895.353802,1238.703,1623.072314,33484.68137,3407.926631,4471.458,4.769,0,9981.953316,0,0,3313.538499,988.160739
01/01/1999,-3679.755487,29990.08486,2965.62614,1114.715,1353.915115,31173.30867,3176.25933,4754.528602,0,0,-1056.536074,0,0,3596.075152,1979.071335
01/04/1999,-2868.859911,33687.4136,2963.0844,957.056,1660.836361,34660.17577,3513.380235,3951.284272,12.41,0,4739.048334,0,0,3395.890411,4814.598057
01/07/1999,-3162.943354,35343.9173,2636.9627,1212.748,1627.169741,36306.3215,3743.761502,3926.040095,7.618,0,5380.752972,0,0,3028.447643,2765.017011
01/10/1999,-4302.208262,37538.71308,2993.06892,1202.649,1662.532444,40011.3933,3861.536699,3819.365706,6.876,0,4099.985593,0,0,3939.904628,1021.579344
01/01/2000,-5016.036821,38090.70772,3406.69028,1328.521001,1499.915729,39285.56866,3751.586341,6299.718551,4.998,0,10170.89427,0,0,4600.635836,4632.068051
01/04/2000,-3456.97199,41089.99946,3163.99354,1476.243001,1732.458888,42543.52661,4112.437386,4259.930879,3.772,0,1338.35366,0,0,4857.42348,437.879627
01/07/2000,-4022.638585,42850.1876,3267.4444,1534.093,1837.366596,44960.97088,4484.598125,4055.783181,10.378,0,3786.792814,0,0,3056.946269,1680.197397
01/10/2000,-6254.510981,44365.0489,3669.4901,1651.027,1912.783768,47971.15986,4708.034138,5163.394749,10.272,0,5262.982784,0,0,5733.682806,-5008.382297
01/01/2001,-4784.847399,39806.59038,3462.488506,1572.34,2114.829299,41940.276,4136.106371,5663.631932,1.081281,0,9346.69111,0,0,3468.662,6294.710356
01/04/2001,-3587.061111,40815.22251,3192.590406,1399.182,2384.709845,42598.206,4476.336011,4302.808478,1.415383,0,3151.48144,0,0,5029.203266,-416.608214
01/07/2001,-3341.769264,39188.38935,2759.509762,1360.771,2464.356494,40863.653,4124.371112,4115.948542,10.823214,0,7902.486589,0,0,12860.2162,903.346046
01/10/2001,-5768.839177,39224.88758,3062.263467,1270.684,2348.86651,43258.879,4192.361763,4215.696222,8.603751,0,9919.760992,0,0,4295.142658,1213.744286
01/01/2002,-3627.093766,36742.60967,4094.315312,931.964174,2312.292689,38174.554,4614.722231,4915.771684,3.2277,-22.017,1868.340069,1443.644646,1780.770697,5122.743778,-574.919975
01/04/2002,-2032.123022,41541.95805,3862.759795,1576.151723,2716.793702,43034.542,5302.051937,3383.886119,9.306238,-24.676,3769.927258,-700.94027,-1713.128236,5850.326288,-2751.280653
01/07/2002,-2711.575496,41421.11536,3696.747135,1075.540193,2694.050446,42992.515,4879.4215,3712.599496,14.492638,-24.631,2794.456891,1103.190983,-58.250395,5688.086977,758.108511
01/10/2002,-4027.253254,41572.18695,3917.383471,873.560011,2649.063599,44711.21935,5334.339345,2985.712554,8.176037,-25.654,2931.898756,3963.910134,1121.008498,6535.446668,477.56817
01/01/2003,-1700.305073,39114.37813,4135.203983,995.095133,3305.905334,39251.538,4844.405768,5153.459051,1.484838,-19.632,3324.120381,3272.809335,-1604.183308,3600.448786,3583.924326
01/04/2003,-506.158152,40296.20986,3774.106417,1497.127975,4041.236676,41945.00602,5029.811529,3135.965272,4.056261,-20.675,2685.807796,1296.202542,-2158.974644,5067.390342,-163.140463
01/07/2003,-83.157012,41592.43507,3809.774173,1893.019742,4267.307149,43031.01147,5258.039646,3340.574219,16.067812,-20.6,-517.708066,-436.30434,621.465078,1580.561377,-2814.243037
01/10/2003,-1742.999421,43983.0466,4122.310174,982.771459,4073.800263,46550.33052,5687.907483,2651.162766,15.527149,-22.135,4065.2198,4116.277184,-2300.085379,6748.104324,4364.416201
01/01/2004,-1168.96752,43265.0797,4396.503499,1296.201837,3877.782468,43781.764,5360.641647,4862.069377,0.06,-104.514,3254.203749,2634.406931,-1980.722229,8759.198133,4176.507807
01/04/2004,1084.074417,47455.31946,4106.502455,1945.896448,5113.394873,48583.331,5666.950079,3268.198062,18.559674,-110.169,-1175.30322,-1165.387875,201.397803,3139.616482,-656.06952
01/07/2004,-317.844457,47948.98266,4178.539174,1419.547432,5175.365633,49910.725,5938.163015,3185.982982,5.408359,-111.523,-1713.969414,1793.759463,2143.336871,1948.00315,-1934.188446
01/10/2004,-3405.909468,49624.71362,4574.126091,1471.052971,4747.450793,54861.59475,6414.738971,2490.926805,55.992412,-119.081,6931.181671,1844.167107,-3406.191203,6736.845701,2707.246842
01/01/2005,-3427.469033,46992.32879,5032.116333,1462.429817,4650.641502,48866.405,6057.985845,6630.894557,9.700075,-149.847,3329.068594,-48.52532,248.247439,3093.641884,-934.998441
01/04/2005,-171.917095,54082.88191,4783.068933,1612.239852,5897.842805,54766.755,6913.06799,4863.148906,4.978701,-163.459,2187.923873,1541.640801,-1852.547778,5240.262796,2962.786913
01/07/2005,69.895537,54289.87914,4742.318685,1548.861427,5952.062518,56001.143,6435.722764,3999.799105,26.561368,-164.438,-3613.463489,4381.302858,3708.005952,4140.475788,-2099.995247
01/10/2005,-2191.885575,59267.76855,4892.402215,1738.908717,5831.419416,62661.06459,6946.405792,4299.561543,15.352552,-176.075,810.053508,4142.536359,1557.907067,6852.45066,-1717.644546
01/01/2006,-1422.713121,58956.87036,5123.556888,1997.987315,5896.616784,58246.395,6555.65089,8591.212141,4.486441,-152.64684,-5646.706428,1898.232091,7222.066389,7271.910797,-6368.542624
01/04/2006,-90.500894,63886.97158,5067.48469,2057.101642,7110.606939,64082.204,7100.113998,7017.685059,12.66269,-170.027,-218.327975,8893.815786,478.855869,6275.444191,7778.07395
01/07/2006,-102.635592,63236.50385,4776.3201,2288.039527,6832.362282,65920.337,7259.941414,4008.566087,47.016848,-166.763414,3962.855614,-1487.891979,-3693.456608,1421.59199,-6227.160286
01/10/2006,-1613.855968,64238.69683,5453.847195,2302.377393,6368.858132,68382.341,7184.275141,4387.534104,23.485275,-178.982,11013.11996,-7143.649454,-9220.281996,483.047222,3655.304753
01/01/2007,-4868.752608,60372.23124,6024.125045,2323.93487,6034.345092,62859.604,7160.518493,9595.80478,7.461586,-104.36458,2234.779229,-486.366055,2738.337959,8920.672951,-6948.13549
01/04/2007,-1773.58864,67755.95909,5460.919722,2182.156695,7066.576358,70116.89179,7330.243726,6770.213575,21.851412,-109.818,17.123511,2082.243299,1866.283129,2977.487993,-2937.830987
01/07/2007,-720.52944,70373.00824,5366.657102,2430.407846,7389.60177,72835.47257,8823.866958,4573.731747,47.133121,-101.78708,4163.39741,4199.6813,-3341.08089,3132.822996,15165.79382
01/10/2007,-1948.074259,73791.79598,6136.082928,2371.559866,6671.427691,76792.40577,8057.597555,6037.681613,31.255786,-122.50144,6118.249848,5019.471604,-4047.674149,7656.623752,-6072.954538
01/01/2008,-4110.863237,70218.23727,6586.094429,1759.317805,6047.683804,71946.44227,7821.862322,8939.99418,13.897776,-84.95362,-765.221784,3878.891734,4961.038641,9019.703587,-3336.739695
01/04/2008,-2039.546244,79571.20643,6141.890819,2515.994207,7240.219932,80524.08289,8680.565074,8302.655708,1.553969,-93.131,78.363698,2917.612732,2054.313546,7323.904488,-6653.37257
01/07/2008,-3655.8763,78626.92367,5880.041733,2376.933976,6805.897877,85168.92758,8872.055935,3289.567435,15.122603,-81.64597,9915.594235,4867.146369,-6178.071965,5781.77718,15165.67679
01/10/2008,-6534.548296,63469.93334,5743.26531,2471.435781,6556.235159,71861.83575,8231.36796,4584.550813,97.663367,-100.94978,14745.11475,-3565.308324,-8109.616678,6939.998383,12210.48876
01/01/2009,-1486.740512,49734.87512,6068.191857,1385.081705,5828.739511,52069.2174,7454.385609,4940.820818,39.204876,-305.3288,-333.0482,-9644.767813,2125.117512,2075.451117,-19575.39097
01/04/2009,-258.530215,54072.57222,4652.937736,2058.007464,5962.769859,53676.19937,6856.082415,6465.130017,7.40569,-321.41,2153.281433,-4206.066903,-1573.341218,4778.453481,-529.895104
01/07/2009,-4253.466181,58584.39628,4857.994777,1026.919499,5695.159311,61452.88447,8264.55878,4691.816332,8.676468,-361.653392,13762.55817,6222.135631,-9147.438596,425.926657,7157.231921
01/10/2009,-1085.804191,67583.19582,5264.08178,1396.867961,5058.788172,67702.28835,8162.94691,4518.413843,5.088819,-375.3177,-2425.427086,12117.44118,3886.548977,709.238477,-3881.338817
01/01/2010,473.391865,66701.64259,6528.468737,1959.804098,5159.387868,66376.69867,7754.065492,5698.37972,46.767549,-48.440732,8880.269458,1880.488383,-9305.220591,5523.415772,9368.791961
01/04/2010,495.76546,74730.43619,5178.553027,3732.610575,6194.43394,74780.17889,7903.723435,6644.143476,12.222467,-42.413,5783.38994,4056.599211,-6236.7424,1745.573862,7291.784349
01/07/2010,19.231129,75676.38917,5156.190703,2908.817117,5907.203752,77898.51829,8641.88402,3073.981,14.986303,-30.118368,3004.900226,7846.993439,-2994.012987,690.488014,13434.99857
01/10/2010,-4742.326247,81751.35523,5256.957802,1051.996249,5402.419278,82747.28687,8501.228918,6944.61822,11.920798,-46.425,10814.14567,6927.56297,-6025.39442,4670.357608,618.627381
01/01/2011,-2120.735518,81962.90247,6178.432584,1507.561292,5563.55334,79967.02331,8759.612047,8431.966056,174.583792,-64.742598,10116.0695,7441.752815,-7930.591388,3622.788006,15021.83413
01/04/2011,-1711.423145,89437.96434,5795.683862,3611.199738,6571.008266,88133.00126,9428.434525,9493.670272,72.173288,-73.060803,12878.46922,5362.383619,-11093.98528,3791.25391,6935.093187
01/07/2011,-4265.955677,88214.40013,5438.527741,2264.096537,6651.439993,92066.87489,10309.5305,4362.82356,95.19114,-88.639893,-3758.585346,6958.68643,8113.180916,1237.987941,16016.09495
01/10/2011,-2445.503426,90388.78651,6177.642609,2845.795545,5972.267278,91042.24067,9868.204961,6838.251364,81.298369,-81.655103,4621.949886,8534.890204,-2094.791357,3669.926036,5354.151818
01/01/2012,-4680.648122,89813.73096,6761.861853,1763.147772,5724.513169,88000.50503,9271.053084,11317.80687,154.53689,-47.261495,15691.69248,6675.977353,-10963.78287,3620.896746,21408.31664
01/04/2012,-988.172931,94461.29538,6332.829962,2478.505749,6858.874395,93035.98007,9445.671641,8587.42297,50.603739,-39.715747,-17463.83443,6625.813655,18491.7231,-2532.662898,-636.789316
01/07/2012,-3263.537275,91389.13583,5829.75785,2314.005829,5782.574123,92519.08524,10480.26739,5524.902792,54.755484,-33.868891,18061.58923,1318.738388,-14764.18306,1790.556067,23837.97955
01/10/2012,-8762.799021,95777.66415,5791.15253,3150.207711,5538.487001,97595.01385,10390.95481,10885.03996,149.301791,-56.223253,11611.88433,2903.605592,-2792.862051,-3422.002698,15834.80846
01/01/2013,-8308.57554,88433.0529,7099.472095,3991.664033,5440.590218,89450.87322,9904.313663,13659.81592,258.351974,33.539664,12174.16711,5596.243159,-3899.131236,7780.909698,12662.53704
01/04/2013,-9253.084745,96836.4629,6689.852396,1461.953054,6493.213145,97657.51414,10797.62029,12025.47274,253.959067,2200.090613,825.842385,1163.410889,6227.151747,18839.60559,-1204.217837
01/07/2013,-5596.019896,96474.89052,6448.747253,1289.926326,6058.232342,97389.4469,10912.32628,7317.282509,248.760654,37.327513,6121.192648,5068.329371,-562.500265,195.609295,15746.03804
01/10/2013,-8620.741094,98984.56757,7163.716598,4092.009831,5886.201219,97140.37966,10785.83601,16559.28501,261.735642,-345.118421,17368.06328,5960.848719,-8402.203762,6079.687795,17311.17412
01/01/2014,-9029.204653,90976.14817,7882.386934,4516.966459,5938.754963,92176.1821,10638.65368,15287.78704,240.838363,-17.509842,12954.50771,5049.206923,-3907.793218,9042.929941,11131.75812
01/04/2014,-7934.870219,102064.3824,7516.535253,1912.508287,6653.386533,100981.8879,11059.49848,13741.53256,298.76377,3.631796,8055.792249,6404.960009,-124.553826,5701.211909,20174.78902
01/07/2014,-2627.592833,101307.1142,7745.068786,2769.568584,6389.669525,102967.2752,11822.23189,5776.888266,272.618573,-6.67676,-196.31492,2035.462499,2830.584513,466.8762,2281.54947
01/10/2014,-5260.374387,103303.815,8112.393331,1312.02181,6477.927642,104321.3368,11504.24279,8387.764777,253.187771,30.921755,13925.63634,2839.044172,-8696.183712,7633.07069,11325.93099
01/01/2015,-9655.093455,90578.30746,8525.766921,2705.111087,6011.669631,92694.93018,11044.41357,13537.76047,198.844331,-38.585254,1032.261135,3054.719237,8661.417574,7270.9744,7695.044918
01/04/2015,-7598.92548,98101.80603,9018.725728,1518.093805,6638.654033,100085.5998,11477.26429,11076.4521,236.888886,-3.541485,11902.42281,-3209.598335,-4299.955849,4217.526592,9675.059825
01/07/2015,-7720.189579,95990.31107,7294.240283,1957.304749,6842.423906,102653.3329,11350.98811,5571.083396,229.065164,-44.607024,10574.17634,-11904.51351,-2809.379736,9976.426893,791.348051
01/10/2015,-6561.453523,96312.05015,7987.369928,1238.901082,6462.467487,100161.0364,10148.77626,8028.545134,223.884341,-14.939502,10462.76768,-3607.238035,-3886.374653,3806.638249,-704.14759
01/01/2016,-10139.61599,85226.64333,7699.503988,2756.535898,6603.242537,89202.69838,9959.958492,13034.03241,228.852451,-28.942912,11934.07617,388.007677,-1765.517276,10399.62515,14067.00835
01/04/2016,-7486.754423,93839.40927,8317.42985,1606.445185,7391.062898,96893.45194,11700.30042,9830.449701,216.899566,-7.082409,9399.421975,-1389.003488,-1905.585143,6808.984101,-4631.2889
01/07/2016,-4930.634544,95009.47295,8650.617931,1311.498363,7337.797587,100242.3773,10991.08551,5799.874724,206.683796,44.45236,-153.095894,1675.978463,5039.278078,6373.096834,8160.451287
01/10/2016,-2725.307955,100234.9977,9442.837916,2374.282621,7386.798387,101053.498,12044.79829,8841.096035,224.83223,26.197312,11720.95446,-810.695349,-9021.843816,7448.143267,9001.368895
01/01/2017,-13314.29056,94832.59512,8531.321598,2669.402431,7327.895131,97575.06305,12431.59945,16389.8008,279.041542,-26.534138,-249.64023,127.758632,13590.46493,11678.92756,6655.795672
01/04/2017,-2712.458904,102755.6702,8392.683593,2523.21518,8072.588214,103060.017,12287.45055,8871.898035,237.250511,-11.966195,6706.97938,-3985.798088,-3982.554281,6235.587121,-261.376914
01/07/2017,-5123.075992,101930.1302,9119.742074,2639.296914,8159.475153,108011.9951,12655.79567,6052.154385,251.775156,-17.562227,10265.18217,-1193.304471,-5124.543947,8364.729878,2099.695581
01/10/2017,-252.951409,110287.8238,12000.54833,2874.997817,8433.429896,112141.9289,12355.45664,9093.819561,258.546194,205.593633,16453.4047,286.191392,-16406.04692,3790.555187,2485.920235
01/01/2018,-12101.4221,105384.982,10281.43061,3027.747817,7542.497996,107150.7099,13378.95112,17545.5342,262.885251,-23.914737,10079.03825,2128.421657,2046.298586,11163.11389,4654.169353
01/04/2018,-3886.04886,113971.904,9627.041321,3584.743843,9487.603121,116755.0471,13060.77879,10485.59953,255.915696,-11.78088,5574.174937,911.307998,-1676.345197,7356.976574,2136.631925
01/07/2018,-5807.488048,114083.8894,9468.635242,3649.303029,8899.737762,119887.3233,13006.38572,8776.436289,238.908108,-17.648273,6767.793464,-822.774567,-942.657143,1373.414562,1852.591424
01/10/2018,-4136.844944,117641.4594,10843.82273,3270.704509,9354.094783,121056.7848,14617.99828,9312.926867,259.216377,-11.672467,8799.411166,-1733.754991,-4650.893755,5718.370449,-38.417537
01/01/2019,-11515.76195,108174.8719,11974.23988,4147.530947,8280.783809,109990.5376,13430.71115,20434.00517,237.934607,-35.357435,12034.2768,4424.269469,-483.157421,12579.21092,8545.867826
01/04/2019,5057.729923,119351.0253,11405.4025,3533.340731,9905.347294,114387.2252,12840.50118,11676.66419,232.995301,-2.895582,1576.330952,2550.271864,-6631.165293,5091.245802,-2921.308075
01/07/2019,-253.982185,116429.0413,10271.27935,3840.298976,10252.5812,117527.7724,14522.47284,8768.963076,227.974648,-8.583304,-284.248051,-4101.557543,546.81354,3878.840446,2451.536013
01/10/2019,2840.847946,116984.635,10511.68278,3393.71462,9655.327736,113866.5301,12802.07852,10784.48764,251.415933,-9.034787,2585.221449,-234.870745,-5417.034608,2312.640982,-1000.102473
01/01/2020,-7033.887294,108403.383,10917.05276,2626.854915,9910.286413,104884.8694,11986.67792,21827.75332,192.163679,-13.163927,6519.874217,4300.344084,527.177004,16166.08766,2380.698099
01/04/2020,-354.945018,74397.42211,4568.909219,2450.957303,10442.64348,75562.29829,8566.9605,7945.704294,139.914042,15.975395,-4787.116599,6554.592313,5126.086222,3212.885753,-7092.285138
01/07/2020,16937.57643,111065.3045,5577.252418,2216.394914,11241.65479,94856.72033,9927.191305,8209.553953,169.564564,-5.519168,-13731.14861,2318.620968,-3200.908653,1357.353341,-1898.640512
01/10/2020,17356.54336,123456.7139,7473.185874,1931.874031,11273.0654,107868.3389,10494.49355,8201.582859,213.88053,-7.912701,-8789.343133,-1183.571104,-8559.287529,5754.526027,-3698.485625
01/01/2021,-9291.916,111994.7894,7888.777822,2847.193263,11134.14866,113418.7735,11903.34079,17637.96898,196.741897,-7.373875,7484.415634,1811.538503,1814.874241,14831.68654,-5637.099616
01/04/2021,6139.267547,124497.9134,10229.65119,2221.231925,13675.20199,121687.4247,13401.69744,9177.956578,217.652178,-11.013224,-7986.89506,-276.140384,1858.640737,5782.640646,-6895.749905
01/07/2021,-3523.537783,123292.5705,12297.98651,2534.049844,14066.4602,133333.4955,14795.684,7373.898054,211.527359,-17.842926,2749.680777,12913.50799,791.699932,5446.252176,-14570.07807
01/10/2021,2182.430363,135488.9531,12023.26623,2268.356108,14537.85793,137564.9177,14736.77436,9625.023735,209.287148,-10.650238,1128.764847,-4160.587195,-3300.544972,9551.73623,-14475.63808
01/01/2022,-11542.11825,132239.755,11471.62638,2744.595704,12791.32835,137068.1244,15068.37935,18425.53812,227.381847,-7.219633,11602.54567,3933.470418,-53.207788,18052.61064,-3250.472693
01/04/2022,-1800.857692,148893.148,12947.0287,5306.277169,15294.61157,156971.9817,16483.32432,10551.59901,235.018117,-3.611814,448.081801,-3455.932384,1356.387705,3448.602637,-5199.858343
01/07/2022,-6043.312998,149158.2497,13742.62258,4758.851108,15802.8256,162057.3836,17585.59546,9634.325653,228.557212,-53.687173,6996.767842,698.492081,-899.767671,2109.615926,-310.358168
01/10/2022,1786.881821,147894.3016,13999.78134,5754.540124,15854.2248,149204.2265,18475.45625,13772.38834,263.89499,-11.750366,-4348.927621,-2868.11924,2573.796166,-1843.82236,3648.703406
01/01/2023,-20646.61577,141166.0448,15077.17734,4872.37146,14188.07239,146048.5679,19505.83151,30113.20798,282.674391,92.473927,17474.7372,2857.83385,3079.404644,24467.50837,1688.450816
01/04/2023,2106.413425,150900.9652,13361.04709,6093.690317,16506.28688,152565.0085,18880.63618,13036.58291,273.348481,-10.00171,-638.269498,4306.478201,-1458.142217,6457.058811,-4082.255722
01/07/2023,1218.368654,150056.6451,12980.48611,5478.978186,17078.88966,153475.4413,18862.02171,11763.02276,276.144549,-82.880852,-265.236135,-115.031283,-870.251667,-603.638968,-7725.336021
01/10/2023,11845.12293,151449.8541,14736.65348,5249.031236,16560.7055,147033.2617,18324.20551,10474.97664,318.677487,-11.859495,-8719.343797,532.480917,-3113.919641,-474.991571,-1154.241655
01/01/2024,-21373.7085,143663.0489,16737.52204,5169.739972,14278.15319,146407.7878,17622.54105,36833.80317,358.040641,9.981014,26425.38506,4727.575409,-5061.657577,25340.02407,8646.965624
01/04/2024,3638.815076,156040.1793,15087.38145,6206.989311,17443.0149,158832.348,16640.03593,15302.37838,363.987547,-2.736578,-5678.907,5252.303144,2042.828502,2911.353085,-8232.729687
